model,num_raw_features,effective_params,AUC,AIC,BIC
logreg_full,10,63,0.7509954841887616,4411.272759048482,4825.846999984253
logreg_distance_only,1,2,0.743548279262565,4327.190162567247,4340.351249581081
